,A,B,C,D
2000-01-01,-0.21091062020014884,-0.3946862501488924,-0.41910496841877487,-0.1458077573760878
2000-01-02,-0.7141418208635435,0.41164217369732575,0.2815006001298511,-0.3412668076642347
2000-01-03,-0.8907648193372205,1.43913023945408,-1.71452289515415,-0.8465639202570033
2000-01-04,-1.339497782557146,1.0426841494071817,-0.4667421437273427,-1.4867168745864836
2000-01-05,-2.5455726754591,-0.849863332891909,-1.9193920073264408,-3.0567082686099907
2000-01-06,-1.2373162946757628,-1.1330173173408133,-1.5737319031068513,-4.2707004085256814
2000-01-07,-0.09310342283702377,-2.59304966640969,-2.282736742899667,-3.758718820449963
2000-01-08,-0.7575017075619513,-2.17013793636654,-3.2938630621747533,-3.233796717112787
2000-01-09,-0.9581216013427034,-1.2994761510080763,-3.3770971816111905,-3.818160357508936
2000-01-10,-1.0681489589489988,-0.9883131454217664,-2.688782006733777,-3.6921303493930653
2000-01-11,-0.22565768027296518,-0.46968569000802296,-2.123382550082459,-0.04433785519347477
2000-01-12,-0.9947713191643636,0.5824165115348369,-1.7390668831352423,-0.6827512985650153
2000-01-13,-1.788214406042524,2.0727331586919364,-1.8742392359038804,0.44196572214018115
2000-01-14,-1.7159186060835863,0.6655940258795698,-2.8321845624611606,-0.05351286360398444
2000-01-15,-0.9934682061151746,-0.11922955377177236,-3.769888837489309,1.2303466434381027
2000-01-16,-0.0590527461144863,-0.6205889399736741,-2.6203083801676206,2.2907755395470852
2000-01-17,0.7126649907279873,0.7121604852042773,-2.1640802819851905,2.499961751419563
2000-01-18,0.5330877546569966,0.4142186302841333,-0.7343109505390759,1.4145150720241368
2000-01-19,0.7204527358768038,0.26219585466387174,-2.3103237524131615,1.419418417309131
2000-01-20,-0.20421342617578897,-1.0261580029359663,-3.5742271370139016,0.8321254629304232
2000-01-21,-0.5054429062257711,-1.0050858652807173,-2.7419875755266947,0.7394047820546185
2000-01-22,-0.6832553580486703,-2.733876531256663,-4.304551633061205,1.2673886421139817
2000-01-23,-2.3541297682225197,-3.153473701776611,-5.30668171309573,3.099586771608282
2000-01-24,-3.224717955399961,-4.0683617498231515,-4.760774172894005,4.90828428001854
2000-01-25,-3.317370449272508,-4.538996747887392,-4.6980882140325795,3.2879080836577605
2000-01-26,-2.952151921424957,-4.710248228374633,-6.247606864512393,5.673559121763018
2000-01-27,-1.6683641126267603,-4.573058662433617,-7.04073804841854,4.76088086734759
2000-01-28,0.3613584366639424,-4.630278442265535,-7.053578697782526,6.356354638575134
2000-01-29,1.0526210379799958,-4.143976372865575,-6.764351985305636,7.796743184662396
2000-01-30,2.1660846761304136,-4.668713615702416,-7.646834588836426,8.253771457313105
2000-01-31,2.764765585216003,-5.683536034364917,-6.066571992271875,8.793763144351114
2000-02-01,3.3312835033152908,-5.45434820620657,-4.828485889133933,9.891485495056134
2000-02-02,5.026830746526384,-6.556042254115601,-6.31106171783417,11.483784193374117
2000-02-03,5.154629546438922,-8.127784193793467,-5.702303015910109,12.700341476903247
2000-02-04,5.7771557854280315,-7.706562280329714,-4.594853278650255,12.354462661038902
2000-02-05,3.2783803050076257,-10.123331893955676,-5.3990278110233465,10.493479862886606
2000-02-06,3.8329232429743794,-10.663902899631639,-6.039930597233886,9.055086269511003
2000-02-07,5.152996420327115,-10.895701139488562,-5.059154269535188,9.671047253903374
2000-02-08,5.737494571659845,-11.198281131043304,-5.536428363847931,9.962814601865157
2000-02-09,6.359347326168755,-11.757472714184976,-4.414581722098339,8.267699763458262
2000-02-10,8.208805513073147,-11.39742820516266,-4.416777976785491,8.723464507912615
2000-02-11,6.898277431890112,-10.980983973496487,-4.228151585316402,7.994029051723404
2000-02-12,7.543480323284285,-9.159031457698774,-3.9830379848670305,8.497727921943994
2000-02-13,8.507401617845748,-9.698412748303205,-4.612227057651942,9.346243222625393
2000-02-14,7.4403144887520485,-9.87186051531471,-2.8590917178330466,10.523881396033918
2000-02-15,7.361534781273561,-9.577168040220736,-1.2914059401038351,11.327264023701316
2000-02-16,8.515316800379672,-9.431371422634534,0.008504332409728699,12.334796220746579
2000-02-17,8.309012313852255,-9.402090231157448,1.7239337419631144,11.396666413803871
2000-02-18,8.097408758565726,-9.692121067916803,1.9626322066072381,8.623516673695939
2000-02-19,6.653398202495157,-9.818645462352224,1.292941178355877,6.624582864667018
2000-02-20,7.729065094621156,-11.523209705888869,3.7179824808824926,5.762313527254389
2000-02-21,7.432060818970341,-13.52550753725745,1.8207508930520218,5.226480848374353
2000-02-22,7.718471367789877,-11.275156132976337,2.239370366372216,4.492809412204804
2000-02-23,6.024663649012367,-9.997954473933008,2.1940188649425822,4.130603475371456
2000-02-24,6.201244612714881,-10.208895765619355,2.236197658878968,4.680814200994298
2000-02-25,6.55697681420975,-10.962895765397977,3.420904415437107,6.121147574985269
2000-02-26,6.762143561982395,-11.795361633281122,3.7482498515326657,6.010533144881164
2000-02-27,8.60210065097886,-12.83444955792979,6.026109719407865,6.399837253825576
2000-02-28,7.589429336586166,-12.107309903635024,6.5949160094603005,6.2876331262271234
2000-02-29,7.234098059778615,-12.450142869726061,5.835918075301648,5.151636815530973
2000-03-01,8.529307455409239,-13.299950707361035,4.624391135935549,2.311167121512304
2000-03-02,9.11542018615964,-12.938750037163464,4.52174707788734,2.47165485232327
2000-03-03,8.242919262948064,-12.852117230765137,4.145906169342393,1.875767428881652
2000-03-04,7.776954038778953,-12.2581648785432,3.047473191495928,0.8094341112229699
2000-03-05,8.722593609128962,-11.786523323932133,4.338976586568979,-0.07967128163089265
2000-03-06,9.376405309983014,-11.545236419108635,5.321208140866224,2.0239295850534402
2000-03-07,9.152363740888875,-11.336565220942218,4.3203681934605624,2.3528678999175616
2000-03-08,9.51272738072539,-10.985491264841286,5.623150104659199,2.0958672292882143
2000-03-09,9.269389486182172,-11.252651977052658,7.295383356524439,1.876107823720015
2000-03-10,10.975473787288667,-11.839422598642333,8.158952187202134,3.2141378487945897
2000-03-11,12.150362706769286,-11.997707221486497,7.036770939941371,2.4368897154313807
2000-03-12,13.357127302278105,-11.533197887237716,6.759027955746978,5.061081148131365
2000-03-13,13.303313578828293,-11.524618270597953,6.432735829778712,5.165661715916976
2000-03-14,12.172964590179912,-11.59244126933963,7.280031293736365,4.795433334901396
2000-03-15,11.45512198764239,-9.41604214624465,6.671172831957591,4.919094801345154
2000-03-16,10.46126456899352,-8.39783680735514,9.61753022037177,4.727639297381201
2000-03-17,10.123208690708198,-7.897733074113083,9.008039790910091,6.053028138037769
2000-03-18,8.758898021000444,-8.712469874938073,8.406920781210367,4.843697701777899
2000-03-19,8.125829148779497,-9.385742161146702,7.410529844166264,5.032292506854482
2000-03-20,7.191176210441611,-8.85983434209289,7.543732512171257,4.761089786784784
2000-03-21,6.663699011782117,-9.417687584949979,7.558905213817009,4.296079122503281
2000-03-22,7.429044424617896,-11.275552277508563,8.35482022831533,6.260545424100942
2000-03-23,7.021556176236889,-12.137573739630122,8.376210003871053,6.948346173942178
2000-03-24,9.319330671213407,-11.365413250962977,8.717896888478814,7.669411372415184
2000-03-25,9.36654231112299,-10.848920452981265,9.114700335102706,7.499537056867449
2000-03-26,10.266891057829119,-11.390138472390136,8.134784938087275,6.416556275403671
2000-03-27,11.603017797597897,-11.606015936629241,7.873000010015972,5.358858488808236
2000-03-28,12.27767560026089,-11.515727067199194,6.696488435549178,3.6867867616366485
2000-03-29,14.02442362499967,-10.191596711325863,7.783761876841863,3.1994057998660725
2000-03-30,14.503594554489371,-8.737547550387028,8.233815555225524,2.490269450165844
2000-03-31,14.68895572085227,-9.075959798210937,8.18563218813276,1.2710925849159285
2000-04-01,13.85746466718741,-9.500105408101144,7.7726876220341685,3.363814327571525
2000-04-02,14.779164385402321,-10.568726996698716,6.5684396341786675,3.550575060239853
2000-04-03,14.014195593412056,-9.152249069000211,5.726799404586674,2.260378790087116
2000-04-04,13.31620108818245,-8.34342659496423,4.895435508306601,1.7084730373175017
2000-04-05,11.615159375890409,-10.070851984255487,5.361527438065024,0.5551592106389409
2000-04-06,11.221511285378282,-9.510511876376235,4.343642776837527,1.183703804880052
2000-04-07,12.174760216058768,-11.274545482935006,3.543948985269089,1.3277451967606433
2000-04-08,11.983171424427058,-11.566645628273049,4.081375220612462,1.3114047024817732
2000-04-09,13.499276249143447,-10.977805207027291,4.700214537650685,0.9015066031972667
2000-04-10,14.400088208383925,-10.817669061421949,4.3279937058636015,1.0535073084106559
2000-04-11,13.296802479680412,-9.653609735345327,5.662833789025299,0.8191374908308604
2000-04-12,12.42619078901835,-8.976537882951819,5.555475123027881,-0.06561939205430622
2000-04-13,13.33191757575409,-8.004138483056689,5.895028508147219,0.24307322653983854
2000-04-14,14.57364828197583,-10.57132207361038,5.14952559268726,-0.3498348103577211
2000-04-15,13.883663379552084,-12.137296795615478,5.7477004386607975,-1.6198016377543787
2000-04-16,12.841165692440535,-12.123409524708112,6.129231959117965,-0.18897201156285304
2000-04-17,12.773261012933926,-13.596981253138113,6.3911520996895685,-0.6734995737764555
2000-04-18,11.987952243643125,-14.435726302421179,4.915647532153972,-1.909061056251226
2000-04-19,11.16958478146642,-13.60164585042563,3.706776984568095,-1.8692011700838793
2000-04-20,11.221589077784248,-13.524276020905237,4.830617799316508,-0.7001070069415647
2000-04-21,11.714452740289156,-12.45569817375748,3.7918611100738513,0.9093684416860246
2000-04-22,11.992624024549473,-11.759914831186636,1.1152796510767948,1.3531024842959263
2000-04-23,13.086043326073227,-10.782506052808765,0.9202252659618254,1.1292897193530596
2000-04-24,14.006173231006393,-12.637197801914605,2.0736347133441,1.5844136275416554
2000-04-25,12.583829341309933,-12.488273840302693,0.8916382862064243,2.270681147833968
2000-04-26,14.056215728081723,-12.952807524033123,0.4703679495798342,4.073267394507882
2000-04-27,14.665111500070369,-13.136216941917786,-0.1539138057088173,1.976800758047975
2000-04-28,13.681642345340068,-11.705106060749438,-0.8838915515202348,2.1655602486372483
2000-04-29,13.299471726037257,-10.172545792276367,-1.1043954585984852,2.960727935715137
2000-04-30,12.74579829017553,-9.112340586587184,-0.17261426162019977,2.4372234069613943
2000-05-01,10.893356539523467,-10.558806797095913,-0.8060838113493781,2.1588880482072006
2000-05-02,9.706899942555616,-11.30468612780907,-2.4493680051474898,0.4204874713542215
2000-05-03,9.984432615737877,-11.358385657404103,-0.5845284686179093,-1.893082560325317
2000-05-04,11.4877791625309,-12.201885459626157,0.22603572129531202,-1.5092453979594969
2000-05-05,11.312281884855787,-10.426907793255026,-1.0521862405046414,-1.6457488954660868
2000-05-06,11.122867159938036,-11.114564285976218,-0.994173456261817,-2.1767273367590794
2000-05-07,10.940153635590768,-12.017388384298496,-2.047837134892382,-0.8261171636997846
2000-05-08,10.136765131018192,-10.78054912619317,-3.735513271693711,-0.00890968559842542
2000-05-09,8.826156490493789,-10.341749679154645,-5.358631601980747,1.3961305823826144
2000-05-10,10.105709988735537,-8.98529742867863,-4.400924460307389,1.5364716860264822
2000-05-11,8.340942092580576,-8.85104001972435,-3.7429480944174096,2.066826664831937
2000-05-12,8.50054976249586,-7.681815957703188,-6.396190405693227,1.4480935703514772
2000-05-13,10.194002270541569,-8.826874753205669,-5.059025877489921,2.1366116534204984
2000-05-14,10.577590288824103,-9.230133477991654,-4.847302922049176,1.6778848721182806
2000-05-15,12.178802681702237,-8.459208160530334,-4.696287930460294,1.2417336778573864
2000-05-16,12.171057317064289,-9.227067948497549,-3.471132146883872,1.0505693577762343
2000-05-17,13.597830904381363,-8.309550923966789,-4.960256652412928,2.003231188876022
2000-05-18,13.22810537601093,-7.00552631586567,-5.7223862941925585,1.2331145617828536
2000-05-19,13.793402542364706,-8.151556534006197,-5.961267699015405,1.1095158076051532
2000-05-20,13.294963412293,-8.091381331439923,-4.871533617801798,-0.6308272070428991
2000-05-21,14.810385808510947,-8.341482560124213,-3.5710013917258636,-1.9468252822689665
2000-05-22,15.60270291319235,-8.45258994698632,-2.9785156859442083,-3.327163782709519
2000-05-23,15.012032425707549,-8.935986973972714,-2.9764976380948376,-3.9097835973844832
2000-05-24,15.100774158475568,-10.076950598941327,-2.2381917258210255,-4.806742565594149
2000-05-25,15.879379578227962,-9.127087485060505,-1.4038467122476614,-5.04840367371603
2000-05-26,15.348708888565335,-9.612049317531634,-0.5439136838019681,-5.38639769330805
2000-05-27,14.933864225819292,-11.569542234206784,-0.3916785401520965,-6.580834416706856
2000-05-28,13.886250192939379,-13.672498558722133,-0.4711538009988816,-6.634032310437348
2000-05-29,15.65893667802825,-13.447487940313602,-0.7767498501633245,-6.10397838731046
2000-05-30,14.929340163956489,-11.750837626608917,1.229255514337518,-3.926190313928174
2000-05-31,14.541077229171243,-10.932847250424505,2.0680694239190727,-3.701793126130115
2000-06-01,13.965018165170788,-10.769301966994645,2.4360550395102005,-0.9359779260837819
2000-06-02,14.163666561513594,-10.559352670658509,1.7802818417290902,-0.45204842291935016
2000-06-03,13.107744662811992,-9.491428376190107,1.7305330881875987,-1.4859928639197506
2000-06-04,11.97073696129463,-7.425120908626994,2.248668689562001,-0.28464793706127955
2000-06-05,11.916908366791473,-7.04241143850294,0.8367723919358145,1.9093968535459853
2000-06-06,11.676580392309269,-6.1117408726667755,2.4854038697799696,2.017467603356104
2000-06-07,11.269424644431734,-6.039628365238639,2.235167928972154,1.496790927976156
2000-06-08,11.392359370354868,-5.514906191028231,1.1643521545016864,2.4732283296244946
2000-06-09,11.483503234463816,-6.39335920914308,3.012158819847121,4.161959156155838
2000-06-10,12.71038445448088,-6.78247889204061,1.8815901980591019,3.170316165088558
2000-06-11,12.333943610677355,-6.897110526005538,1.8918135222712573,1.4926914411584267
2000-06-12,12.889421221462943,-5.90898646921917,1.231518646135755,3.3005979984233877
2000-06-13,14.846782657084228,-5.651565456039491,-0.06992491034683135,4.464225448188428
2000-06-14,15.46624849801492,-6.824960816607562,0.3881272608890663,4.583423780774631
2000-06-15,15.50150665046019,-5.4596952290812855,2.309729843749488,4.554781926378034
2000-06-16,15.939671649926929,-5.646779999168493,2.07499992958529,6.614951601322158
2000-06-17,14.601201537143755,-4.933782182239608,1.1356227322406443,6.319022560296836
2000-06-18,13.629056881033609,-4.736773447039168,2.1567301002920276,8.15538015888498
2000-06-19,14.683429608251192,-5.033880405624747,1.783065911948593,6.304116620755932
2000-06-20,14.149918070746615,-6.254939787576786,0.9021633053150344,7.61162892713894
2000-06-21,14.973245071159992,-6.903641643865061,2.9583773291610305,6.354566407970472
2000-06-22,15.555539777701403,-7.314261359805736,2.918691488295039,5.923400615828426
2000-06-23,14.255541063137764,-7.091871238803193,2.7964132538192183,4.9085782219516965
2000-06-24,13.282609364721074,-6.932371261080521,3.589888179099675,3.972186764644697
2000-06-25,15.085511105130609,-6.754266051360473,3.397170320847114,3.861341050392072
2000-06-26,17.177711675095342,-6.0996936615839665,3.8711984392952696,3.6115158913571763
2000-06-27,15.255042999157967,-4.400112838873644,2.25051058466891,3.506682014621056
2000-06-28,14.401009485846208,-5.526716243783348,1.8824582767256604,1.3339263044626883
2000-06-29,13.846679072591025,-4.644741359017522,0.6468327323108265,-0.8108931188468325
2000-06-30,14.825062205209905,-5.90864716265227,2.0129154012288044,0.7391186128279221
2000-07-01,16.687532333445493,-6.139874204901733,2.8348372890303795,-0.3584520456201157
2000-07-02,16.395000534521397,-5.181361506519263,4.115983431894148,-0.6193611937308117
2000-07-03,18.01107973054848,-5.634086783603143,3.1353595941950356,-2.0160314247461635
2000-07-04,18.6380793088263,-6.293098546888128,3.3661487498643496,-2.631696963961745
2000-07-05,19.597942847019798,-6.622852873806233,2.973867402508081,-3.192070196282822
2000-07-06,21.13771630856898,-7.926213130073357,4.797840706918225,-3.5410492709827546
2000-07-07,20.268476357396707,-7.725621642975996,5.27104935963561,-3.1109946534537603
2000-07-08,19.554407256614123,-7.689817843735084,5.558816746445199,-2.1594194607651502
2000-07-09,21.248178193900895,-6.619803832535071,3.913456725063134,-2.5954577907179246
2000-07-10,22.489635141475716,-4.487530496610896,3.5112378300245566,-4.301743320335707
2000-07-11,21.263951837230774,-5.005299391174908,3.2997568698471085,-3.173843909353189
2000-07-12,22.069930556572903,-6.008519942564378,2.4439247513537574,-3.915631099721278
2000-07-13,22.14751179633565,-6.9674698848181,2.4299643525133203,-2.6017492780950047
2000-07-14,22.59774481068169,-7.032865218889483,0.07405717599920036,-2.5481665425861593
2000-07-15,25.63760891044977,-7.992164680032197,-0.5729285411851093,-1.2428860018288375
2000-07-16,25.532450735466508,-9.084151784742687,-1.3317108773716009,-1.0367947858488893
2000-07-17,26.591560949152395,-9.766862283602071,-1.3218537235350547,-1.527617541433624
2000-07-18,24.384824183717146,-9.971935104071198,-1.792343849835064,-1.3205727098061069
2000-07-19,23.530402304978807,-10.004630232375352,-2.0010866638484117,-1.087992786269428
2000-07-20,24.25818047919432,-11.017238001116043,-2.2413116723484228,0.6562274965289561
2000-07-21,24.958733002712385,-10.448478023998211,-2.4826391066216575,-0.9135743184810041
2000-07-22,23.29794505961908,-9.829953776331237,-2.0724318812441895,0.7186737679082773
2000-07-23,23.47429851247237,-10.752470609944714,-1.5807982987531817,-0.8682667369472352
2000-07-24,24.199637287160115,-9.919254028714407,-2.996362445718729,-0.9132319658630657
2000-07-25,23.554287659463586,-8.97037912480457,-1.7338507578138311,-1.3058965459288838
2000-07-26,23.86516219865249,-8.69919634061191,-2.496853889812295,-1.111889738896794
2000-07-27,23.0589112687167,-9.167602435564472,-1.8710146833432366,-0.46047865253409515
2000-07-28,24.709868335383884,-7.076852001246792,-1.5873648418329456,-0.41682254409278696
2000-07-29,24.25133751146672,-8.366949255504375,-1.6948738307983031,-0.4987655498809525
2000-07-30,24.82557023067046,-8.672373875141693,-2.6986525929725174,0.10814571020405378
2000-07-31,24.348576309771016,-7.222157375452668,-3.5477988574698167,0.42312776409518676
2000-08-01,23.26379913095321,-7.85398158026126,-3.3744894033248687,0.7755501967910914
2000-08-02,22.652708071385295,-7.995208584392287,-3.4032134950162094,1.2313310429738182
2000-08-03,21.456121573721287,-7.868467698618877,-3.5987913854106863,2.297914076145969
2000-08-04,21.43116008088426,-8.579668049067594,-2.855944811021346,2.6994667758015076
2000-08-05,22.774580029347323,-8.642822753151023,-1.088983036504288,2.4949840585461263
2000-08-06,22.143900981511496,-8.775403017415275,-1.7514700996226513,3.464109279678752
2000-08-07,21.93441172044615,-6.866188994047519,-1.3206390295999384,4.5717167662247045
2000-08-08,21.85289035337608,-7.5355198925331734,-1.3911371213725159,4.420235061906624
2000-08-09,23.496537685941096,-5.950946178491209,-0.8927179492414204,3.55664471215126
2000-08-10,22.62995496451256,-7.443675717193004,-1.384095803561643,3.256560262670766
2000-08-11,22.360395450733417,-6.788621303268455,-2.120384714210089,1.8650424269789696
2000-08-12,20.486539410964575,-6.957711130125356,-2.36347098915025,-0.4406212718689895
2000-08-13,20.84084320697871,-6.9990033954322275,0.5366054572435774,0.32845893912287616
2000-08-14,21.175963677669202,-7.09659538153098,0.26983555495141986,1.400576595454623
2000-08-15,20.81029351581865,-7.239830430930555,-0.26425510656946805,0.63771812306565
2000-08-16,18.594952139497238,-7.974833997715233,2.4902183171722614,1.2369303843525075
2000-08-17,18.996002184237454,-9.463682052429208,1.4533226535337243,2.7230710759871215
2000-08-18,19.321167820250853,-8.872836958578254,1.2994257426526297,5.076092410794521
2000-08-19,17.60932079287393,-8.821693845318684,2.644420318177312,3.5278763179176185
2000-08-20,20.002693336546944,-9.531542766357692,1.2779520484391929,3.0598218631121648
2000-08-21,20.0853528772307,-10.021769808077835,2.3080367282830307,3.001573571644451
2000-08-22,20.731889478165062,-9.83685052447918,4.486195282557915,2.37589955380537
2000-08-23,21.118966946958025,-9.590021153477435,4.9153665223151926,2.746638725722361
2000-08-24,22.388482297596443,-8.833586836450284,3.8313575064451477,2.3644368790426755
2000-08-25,22.813934542362404,-9.530106267273258,3.9193514071551436,2.5313141038810465
2000-08-26,23.304437258184702,-10.129630547503579,4.25086169323319,2.9935699154052258
2000-08-27,23.278917879433926,-10.676081584375217,4.382878202407038,2.452297231599021
2000-08-28,21.858536002574343,-12.00905845220566,5.673183216246075,-0.007043693063553125
2000-08-29,23.64070206287004,-11.22771593298923,6.088069137780768,-0.2667373169782705
2000-08-30,23.443906736956528,-11.259116841527035,6.122573012029932,-0.6405578113015886
2000-08-31,24.211515165453353,-11.058546883160915,3.7866586905038173,0.8942929371333064
2000-09-01,23.90784517291156,-11.099088897080717,4.669097214175206,0.9156135920964736
2000-09-02,24.146624356023587,-10.149633313620694,4.984861443911056,-0.6110148133895263
2000-09-03,23.54163812008631,-8.391451096630048,4.390981146107302,-0.1054814919298509
2000-09-04,25.185090280472785,-8.050148465113198,1.6540183031868083,-0.3331916537238002
2000-09-05,25.325638103915416,-8.515659347596111,2.817864806154605,-0.8638370075151861
2000-09-06,25.547522423133298,-9.482657942123314,4.160709477479317,-1.002107812735897
2000-09-07,26.15803113428545,-7.828954563306334,4.0413260878343,-0.9408234865368063
2000-09-08,26.663514744270447,-7.482946427542546,4.404551769391567,-1.0507669500158527
2000-09-09,26.130170380376384,-8.859848491775022,6.88277327966606,-0.8846320496432788
2000-09-10,27.392032778848378,-8.355894138452975,8.418425648618628,0.2767721621105327
2000-09-11,27.06789993287182,-7.801924676559498,8.989634516342653,0.538413923477967
2000-09-12,27.441061521014664,-7.816553284798014,9.22565982120241,0.6225574925528292
2000-09-13,27.489733681000683,-8.504237382777022,10.477904022325845,-0.11175941896165686
2000-09-14,26.447819497103666,-8.285093321781716,11.30543036335738,0.30339271578672294
2000-09-15,24.844596864336733,-7.812524480130021,10.35507975712177,1.870254646119465
2000-09-16,27.03907401291681,-8.967622861997762,10.780132297831727,2.1832139313926113
2000-09-17,28.55713806123443,-9.99111271415807,10.71170075012529,-0.2834080742785998
2000-09-18,28.618138499372726,-8.762042370450338,11.114193546242102,-0.14054467508956908
2000-09-19,27.984116893487283,-9.190760098901341,9.606829569643937,-1.3722952313287118
2000-09-20,27.590664737820774,-8.289688055525541,9.598233467990378,-3.8006527406398494
2000-09-21,28.018935728084497,-6.013109707993863,10.13009055563135,-4.264880978533077
2000-09-22,27.246979705881728,-6.223998035292363,11.454861823386741,-1.782334971797824
2000-09-23,27.11356423571049,-3.8139897452914644,11.665904706938075,-1.7928963398036053
2000-09-24,26.50548329219271,-3.396050123366085,11.590442624975287,-1.769064400316719
2000-09-25,26.737973602167205,-3.7415769559859,12.84161140426151,-0.7043028409139112
2000-09-26,26.674361954411058,-4.3460411307939655,12.982257140189335,0.22621133822971407
2000-09-27,26.52341519687295,-3.6501262492919753,12.63347277458707,-0.19530026478066542
2000-09-28,28.29300404131889,-3.4475096374299508,13.715324024658386,-0.909273596482119
2000-09-29,28.666333853464884,-5.845633862881861,13.612294245092937,-0.08457135211330946
2000-09-30,28.15978197814183,-6.0548391160131345,15.26606393942013,-0.5312979222294179
2000-10-01,27.718240037848382,-5.929906087063736,15.95692200093759,-0.11572832852640852
2000-10-02,28.816505064408354,-5.131950299124755,15.518467953652443,0.07830247628587908
2000-10-03,31.508444083009785,-5.215341775882253,15.323655491650113,0.4262126308510469
2000-10-04,31.445474307877422,-4.449478264969517,15.265534628505677,-0.2202837490369346
2000-10-05,29.55213646874659,-4.207672159989019,15.54138406698224,-1.1468363836882687
2000-10-06,30.334204895446256,-4.585073775014153,15.953891035892397,-2.8278206970812763
2000-10-07,30.79286435369158,-3.930535681556648,15.097005910688667,-1.7256510715697477
2000-10-08,31.25165705276266,-4.245115628651438,14.529796278173851,-3.4821022938397794
2000-10-09,29.76893248682597,-3.877982848131638,13.18373662444502,-4.004166678798785
2000-10-10,30.970740647379447,-3.62600941571047,12.100030086778913,-3.092843547473745
2000-10-11,28.251400556165567,-2.8712722705438765,12.057049949789409,-1.8935746199365802
2000-10-12,27.921499980680125,-0.7007474216805596,12.632818016077394,-3.3328255359996484
2000-10-13,26.434155940001506,-1.1174232442566217,12.167652183666993,-4.490256032808626
2000-10-14,26.8498958920239,-1.5483164303567496,12.047131697584724,-6.857287522546189
2000-10-15,26.74467305148582,-2.813245514107546,12.001735644372005,-6.646131320363402
2000-10-16,26.031742345838893,-1.5151974333698293,11.479088316729243,-6.996712150513206
2000-10-17,25.73369239068628,-3.8546207147632288,11.69323986678171,-6.988870464467932
2000-10-18,24.709845588151335,-4.2711887373401005,12.56823012103866,-6.829558899346565
2000-10-19,25.747704086378512,-4.064123405955693,11.837649646410645,-7.70851107566426
2000-10-20,24.807396039302343,-4.813433697275175,12.142911865709177,-6.766494711207063
2000-10-21,25.612213636952536,-6.024911730042184,11.631547334227553,-6.944169463907856
2000-10-22,25.21344041558222,-7.1225564324586434,11.607022021471378,-7.195681028184563
2000-10-23,25.659407059795527,-8.637692982756416,10.826416135191819,-7.431033496325338
2000-10-24,25.373648602534963,-7.771392876624676,10.226509244094904,-7.416255468376075
2000-10-25,24.464586988529522,-8.480312628801771,9.72068594165314,-8.451738275017796
2000-10-26,23.974111247013795,-6.956206802644542,9.86641349585086,-9.439124492006481
2000-10-27,24.28429195792056,-6.291600585401835,10.003527001163835,-9.224304925466154
2000-10-28,23.422817399533677,-4.6518008058826,11.557946282007102,-9.782561802926896
2000-10-29,23.00093976265267,-6.242921172572904,12.166724708655238,-9.01828281417899
2000-10-30,22.0002565966946,-7.663332376556257,12.309503122614306,-9.716301281106086
2000-10-31,21.763561899926124,-7.525707062412717,12.684355120993967,-8.355426395139647
2000-11-01,20.728211691205363,-7.690019063136739,14.071871686772514,-9.280522978609516
2000-11-02,21.72585166351264,-8.218464864552093,14.795399904957376,-9.309310945272317
2000-11-03,22.161870577151042,-8.180385832687735,14.079800903503294,-10.398206954040141
2000-11-04,20.885129833824653,-8.017163267202582,13.350519605258263,-10.633781557342475
2000-11-05,20.93685341973711,-9.431693547220718,14.200147849217702,-9.055035595433523
2000-11-06,19.457296960139495,-9.193300811255071,15.616237226414151,-8.216470638538585
2000-11-07,19.835796174323256,-9.569897033494218,16.39535468434126,-8.557351924564497
2000-11-08,19.372510048562603,-10.18219830215154,16.506007650231204,-8.75020322662838
2000-11-09,20.567626403409804,-10.30061161959546,17.576110215277712,-8.00901840192908
2000-11-10,21.13144896524114,-8.575806855333262,17.602876989036265,-7.378471085269767
2000-11-11,19.507703151316612,-5.15168868050737,17.587928478285985,-9.042188666618218
2000-11-12,20.437273203055113,-4.721559283152606,18.831852676168186,-7.489327863132052
2000-11-13,22.342813282972518,-3.320184550223509,19.96159426458249,-7.616239565496717
2000-11-14,21.13478511989929,-3.859774072071886,18.76810620342764,-7.88852876374139
2000-11-15,19.600114855629148,-2.5918251486889856,18.852531746470067,-6.648829442956665
2000-11-16,19.22694817450178,0.6373673315308639,19.543869162722437,-5.761217847170082
2000-11-17,18.853901447883533,0.36048902317105974,19.714228517958976,-7.227783866348685
2000-11-18,17.49719316343394,-0.2548671048288966,18.859239757210652,-7.201029489174455
2000-11-19,16.999954359777647,0.8588837330249623,19.2221114659822,-6.290527927613665
2000-11-20,19.471736843607992,2.055355582964238,20.0211818780592,-7.2208931157956595
2000-11-21,22.03861437538439,2.47631098595312,20.365459134249246,-7.015944453227733
2000-11-22,21.81376126711712,1.5551710117663555,21.155170477701216,-8.241277114364177
2000-11-23,23.565330636555906,1.2801907053357906,22.359184532731682,-8.536864478044686
2000-11-24,22.867686773909476,0.7892376542981306,23.50786631507425,-8.429415126398522
2000-11-25,23.233966997470464,2.6468779230594834,24.994146854063374,-8.945294724558412
2000-11-26,23.808781941565993,3.3219049888009518,25.746319051857558,-8.901182631812139
2000-11-27,25.360571202286,4.462222804601208,26.231124713434525,-8.79348523567755
2000-11-28,26.60396103908899,6.802897819114328,26.805948681324473,-8.746839458895055
2000-11-29,28.792129750552235,4.987651991901712,26.865933575408476,-9.198451506701172
2000-11-30,27.65315921889272,2.501827672980156,28.10853039056797,-9.997792044327099
2000-12-01,27.612718883803762,3.1258405782880265,28.405742358826355,-8.48316631251035
2000-12-02,27.467777922560543,2.4704156085707725,26.272843680355063,-7.858553706461578
2000-12-03,27.113932142978797,1.5397497829651172,26.119722914901587,-8.145069997424786
2000-12-04,27.108243667481204,1.886902931836618,26.32683781660533,-8.507619675026083
2000-12-05,28.811122021309437,1.9326400503961225,24.29218325095259,-8.956211171907954
2000-12-06,28.24931598764173,0.2527508465760433,24.424817702479597,-8.852143033538196
2000-12-07,30.076622395113592,1.0384395142132004,26.084101676931578,-10.540813879842197
2000-12-08,29.003644656806266,1.3825176781698512,25.96543567085161,-9.014163537187
2000-12-09,28.22800261410847,2.7540014866941656,27.988484131370157,-10.535683553778068
2000-12-10,28.75126024417308,2.582810315302386,26.264806885559526,-8.71518718190756
2000-12-11,30.29954974370237,1.414529683092184,26.921111098467296,-8.49552703869143
2000-12-12,29.710745297592506,0.4674309918024061,26.173881332625815,-8.833960982740274
2000-12-13,28.78366733961528,0.06752608271632576,27.810632495763556,-8.022653228381404
2000-12-14,28.320906127656162,1.2949621466371322,27.844611314229162,-8.886335608091404
2000-12-15,28.274016239973623,1.2216208117228808,27.815424144150466,-9.194527481260643
2000-12-16,29.379601578121903,0.9818955532095412,28.954955824273718,-9.371588575961264
2000-12-17,28.296871470685613,2.3594646988917654,27.090086381435498,-8.468726178649957
2000-12-18,28.321958223006824,3.3126966638557676,28.289665018814325,-8.669014958547061
2000-12-19,28.049960108727422,3.3744522090705145,27.702780348395354,-9.683277538654643
2000-12-20,27.76926314177149,4.183093032630218,28.48845034110583,-11.42696658951138
2000-12-21,26.749702907040387,4.165568485306102,26.93762794095581,-11.56974403025356
2000-12-22,27.17928598046633,4.692587036301361,25.22015076058647,-12.108370243419605
2000-12-23,25.2645618790144,3.741612477738405,25.24408714793051,-12.841388766819765
2000-12-24,26.08755549406385,3.401688281656228,25.1241420737942,-13.138957694791339
2000-12-25,26.408266206641894,2.6707470997284073,26.711883163276706,-12.59170041206285
2000-12-26,26.338555829022276,3.366583560468097,26.5551212568184,-12.647072633101887
2000-12-27,25.334937212828304,4.4444101047733175,26.038937268132493,-9.857901023491065
2000-12-28,26.387560498493713,3.866106466915058,27.037694510662945,-8.551142374343653
2000-12-29,26.870745293901305,4.489086439662691,28.105928451442967,-8.875630340343003
2000-12-30,25.784377640263045,4.1734164087154175,28.460059836541443,-9.339340288838875
2000-12-31,25.215926322561856,4.468775479127996,27.53553930416688,-9.975050828278901
2001-01-01,27.08573792242848,4.239409576987609,28.71844085329642,-9.720871103726031
2001-01-02,27.301612188707306,5.519688991681912,29.968491246609975,-9.488272379863854
2001-01-03,23.992402484591384,5.936788802930027,29.62266220095318,-9.650269706322552
2001-01-04,24.219737645355675,7.230504295437586,29.3168142787525,-10.967918755430688
2001-01-05,23.743062033240484,7.336719770522024,27.664857099647364,-10.39985201656724
2001-01-06,24.24935599242855,6.388115215085203,27.252352857966663,-9.956041172145486
2001-01-07,23.60035290194164,6.79644035471191,26.72555788825721,-9.830669221927732
2001-01-08,21.33355711733793,7.060584489088712,25.91309431181269,-10.188567834677608
2001-01-09,19.84179127864308,6.998688537672627,25.4614163573559,-12.502753199170009
2001-01-10,20.658058946804804,6.282237051957129,25.53357011540832,-12.17400647679784
2001-01-11,20.85009429329562,6.505527316104012,25.80527798875846,-11.936750772967084
2001-01-12,19.920685165695144,5.372510643054835,24.77450953196413,-11.13430146243098
2001-01-13,19.192325106858966,2.5416412256069436,25.948246012338135,-11.701306180996607
2001-01-14,18.22096983372284,2.30050300741836,26.501152240812683,-10.73622392802922
2001-01-15,17.66540447736552,2.511655916710486,24.454484221124364,-10.354698184146697
2001-01-16,17.065872801168165,3.278154989769399,25.119913541960937,-10.247265792858666
2001-01-17,17.280141986844225,2.8225571699166596,23.593395391507435,-9.833672948579263
2001-01-18,15.686794963161637,4.563155590459293,24.07881663743413,-9.065863183926277
2001-01-19,14.574836438824484,4.384774684587621,23.502972974017347,-8.302352458008873
2001-01-20,14.87829943617203,3.2410807648453632,23.789692124714968,-9.276868547752406
2001-01-21,14.636788044099355,3.0778011902029747,23.156536117266008,-8.482099078260967
2001-01-22,15.26040037644691,2.550442509028644,24.10884536802541,-7.620135110452681
2001-01-23,14.526911929417064,3.674107420711345,23.44430662139166,-8.63079777375256
2001-01-24,13.67571600882748,3.2959628644499777,23.578965498669227,-8.353785071169336
2001-01-25,14.072536455058792,2.10683689200662,23.927828403040078,-9.611157897887288
2001-01-26,14.144878832078637,2.1971960113317586,24.061039060487268,-7.551363376923739
2001-01-27,13.417760577510228,2.3617714234984217,23.984081085023753,-7.351738469641344
2001-01-28,14.512708021983405,1.1945367479815743,23.647451994635603,-7.922025559346363
2001-01-29,13.573752588757221,1.8575079413956812,23.834054903478485,-8.061134615845832
2001-01-30,13.418742185554867,1.196888915361281,22.135671929467613,-7.487324448757585
2001-01-31,13.684280494398433,1.753809992915516,20.624408046193057,-7.50061238683899
2001-02-01,15.16840362167636,0.7646402427826176,19.953543653849835,-8.33487296106963
2001-02-02,14.639296153663883,1.9891320640924122,19.230980710516693,-8.384417475804597
2001-02-03,14.8755080499987,2.3654083895367957,19.159192107246113,-10.412825153747164
2001-02-04,14.696441156587197,2.934923368766441,18.782128710028047,-10.874215188940802
2001-02-05,13.755345559093868,2.877478113390502,18.189738192019963,-9.720252256625031
2001-02-06,14.396703340525676,3.105134844939003,19.367762691754518,-9.702369711165625
2001-02-07,15.147711367500671,3.3997635146729235,17.854449389630055,-10.536804071045253
2001-02-08,14.695399403431713,1.8426392712314925,18.913871565208936,-10.494464378316161
2001-02-09,13.850357919076798,2.729828769161597,19.793879520219225,-10.76484599816758
2001-02-10,13.0335320713962,2.621583124425164,20.04410605919693,-11.259275488022412
2001-02-11,13.92758978853943,3.375373265286779,20.11865618267333,-10.992798856706209
2001-02-12,14.568139339993865,2.5695873595681027,20.30585643833803,-12.274666691110829
2001-02-13,16.206307997266915,2.0636889136230354,19.965925146249187,-11.569192516578372
2001-02-14,15.903160172160788,0.29164264592208133,19.864825030468868,-12.61749145331967
2001-02-15,16.196187878886242,1.5543686079360393,19.941846314319292,-12.604649796969234
2001-02-16,15.907556704984625,0.5020347187054697,19.948957669983233,-12.203611588064337
2001-02-17,16.967337782739584,0.25306450856867124,20.448678360130852,-12.662037556002392
2001-02-18,14.96998798139748,0.2662591105590181,20.78489081251825,-15.05977658526242
2001-02-19,16.539494458719595,-0.45829849739103334,20.71962139290914,-14.757104067065043
2001-02-20,16.873491927155914,-0.5305171238950488,19.65856679439839,-13.099006268614492
2001-02-21,17.45332055128526,0.26064076281714543,20.589028668396793,-12.068745266586774
2001-02-22,18.83136100480978,1.0169676701952435,21.457777096382046,-13.066356179022371
2001-02-23,19.188159552214906,1.4850249434661202,19.666898614054908,-13.325941855303164
2001-02-24,19.382859909394433,2.7607133005387707,19.444813799154826,-14.038193632881281
2001-02-25,19.580715817149677,3.4643230264737688,18.372062578997937,-13.786030514068978
2001-02-26,19.1180611198679,4.846794308264738,20.223415420664285,-14.395788710064839
2001-02-27,18.978304160825378,4.89180137349801,21.009611251535574,-15.421279168321721
2001-02-28,18.17558346805867,5.238592888120121,21.792169264533825,-14.789019641487327
2001-03-01,16.79326964243199,6.513083310058265,20.148286328314125,-14.367878116867127
2001-03-02,16.84847017676217,7.8913668959714265,20.606065070656346,-15.013531018897638
2001-03-03,16.998563952252304,8.046215317944823,20.748592187362284,-14.232009113190765
2001-03-04,16.756843729353427,6.257070584240083,21.727879335881955,-15.934033867766415
2001-03-05,15.220810839871048,6.867463379638938,22.417288882981545,-14.638078109715684
2001-03-06,15.415801692971158,5.582372990663528,23.384360404097777,-15.024052944210785
2001-03-07,15.650810263235842,3.8132760447337133,23.167647780638873,-14.946249958628874
2001-03-08,16.316150578918258,3.320766353918454,23.946693423789988,-13.946051903034906
2001-03-09,15.384069786618324,3.013694928355719,23.431575251747024,-12.432279848820981
2001-03-10,14.744646135016701,3.1976630862874855,23.852626440975936,-11.656498796837711
2001-03-11,16.130673898088855,3.2313693832550885,23.835698105101784,-12.214710974263582
2001-03-12,15.384814761817664,2.6432253524045213,24.133228018751435,-12.01660445607444
2001-03-13,14.942091085604975,3.0024809818933385,24.746601472812564,-11.846946747501127
2001-03-14,12.757967246113687,3.616583870708176,25.89491646693518,-12.435769518320111
2001-03-15,12.897675314418937,2.133423879867857,27.62223015613855,-13.366435814120287
2001-03-16,11.342724565780443,3.1490053788893553,28.401885243367964,-12.229296158784752
2001-03-17,8.675590726422527,4.131349332592704,27.146105392409893,-13.109623054018682
2001-03-18,8.644563226228577,2.1143606024588606,28.22714614653345,-12.434887643166425
2001-03-19,8.495543499037373,0.970415005772143,27.589444110204692,-12.427264710080483
2001-03-20,8.405318722506493,2.7481675728264428,26.72441018379765,-12.554607498403263
2001-03-21,6.735292922981941,1.6599105324941223,25.44002378297523,-12.829031417130775
2001-03-22,6.463974468543611,2.3135270445801814,24.527805650763483,-14.29886953901865
2001-03-23,8.28733315684283,3.412706849236304,24.9076703256387,-14.244206099797482
2001-03-24,7.61556343758446,3.805621194616914,26.28193255166495,-14.902947380254668
2001-03-25,7.838002442958355,3.9412795153439903,26.213115282584333,-17.10082940322984
2001-03-26,7.3809955044427165,2.300169465864449,28.059740060714567,-17.79679136581799
2001-03-27,6.868940680976898,2.988993810833676,27.377283459907073,-17.584488633251702
2001-03-28,5.892972982805075,2.8942248936148576,28.493746582012754,-16.53687148530191
2001-03-29,4.017769496725265,2.815131480116201,29.292876750448404,-16.073873784712642
2001-03-30,5.370369895332819,2.7596773041222793,30.012204961292557,-15.746193746073306
2001-03-31,5.6883961172698045,3.4667166602218225,28.550240398894722,-15.835110839164185
2001-04-01,7.549142619745339,5.2750164665283386,29.94234512206857,-16.450863986651328
2001-04-02,7.614098812553445,6.346130980191788,30.581251333717507,-16.34339722883958
2001-04-03,7.1043112119754515,8.235830139344422,29.771770406005444,-19.05281198658568
2001-04-04,5.084996903763052,6.83112143069506,28.870081918128413,-17.228925600716483
2001-04-05,2.5526801460816038,7.9757623630000705,26.871518283845813,-17.29644334485496
2001-04-06,2.831718792548858,9.288755487000065,26.647552801673136,-17.944201714852284
2001-04-07,4.729531754400304,8.782236271098153,26.95535570904356,-19.48892969646012
2001-04-08,4.948495980594599,8.567663609223795,28.321052243531277,-19.616212125897686
2001-04-09,4.603445917535301,10.459050969353198,26.31969581834234,-19.221096919887945
2001-04-10,3.9432991163383084,9.36295464526977,27.415577344974274,-19.158731983520994
2001-04-11,3.7354781779582797,8.983055520502067,28.09209379711677,-20.225772846481647
2001-04-12,4.833084970300403,9.462732235197192,27.956098780623066,-21.09711385422845
2001-04-13,6.562158000233584,10.246929327205459,28.376678593147716,-22.14936421781824
2001-04-14,5.520487269799542,9.589384493368273,29.060949374012466,-22.07405008327959
2001-04-15,4.192053753843638,10.440638048940382,29.81324866545776,-20.299429965993916
2001-04-16,3.280149612498726,10.044567972606862,30.610175160135135,-21.653359734983088
2001-04-17,2.1992830186179084,9.529907955535899,31.762431121543486,-20.426532977776528
2001-04-18,2.3319534577796697,8.92462643735551,32.34366939335973,-21.031926436633707
2001-04-19,2.4115355787503243,10.52186120435833,31.252196626309342,-22.63398330624504
2001-04-20,1.6912882131523372,11.927115560360082,32.28028228260544,-22.505642813159984
2001-04-21,1.6581065385662586,11.153160963355695,33.17645341409152,-23.481437793549713
2001-04-22,2.2436740428608264,11.56870191998907,32.43421414859473,-22.668044760796676
2001-04-23,3.408489365254964,10.661753100280361,31.666967844209612,-21.058898272913044
2001-04-24,3.880565182365544,11.637117338488737,30.660444291119354,-21.750832022274206
2001-04-25,4.5050709052091245,11.036928319724739,29.54331405872658,-21.26117211284444
2001-04-26,4.510791664386826,10.832973500713427,28.19626902494147,-19.733971586431046
2001-04-27,5.055544346935434,10.234421510915732,28.671663782353495,-19.284384172535518
2001-04-28,5.790403702360781,11.18925043527938,28.44896251853427,-19.856215686722102
2001-04-29,4.5504710329305285,10.253416837126245,29.45327587121856,-20.506866393782023
2001-04-30,4.686735857846516,10.555662023981439,27.673652235301233,-19.313367656343832
2001-05-01,5.888860230624474,9.956581941817829,28.31732406181072,-20.09255982351019
2001-05-02,4.7839508447865295,10.065548390530308,27.72927923111525,-16.78780714997981
2001-05-03,4.728709397631365,8.14243910656344,25.06168694609452,-17.205980038647336
2001-05-04,3.4654791280839117,8.221399989668239,24.86012969348867,-15.808839722609848
2001-05-05,1.8724966482101744,8.316195432946552,24.161289727134417,-16.063270024902202
2001-05-06,1.3005729475148842,8.407012263619063,22.692290727144538,-15.7001557173238
2001-05-07,-0.3276205872163591,9.148494507431417,22.104977176084503,-15.835183251765777
2001-05-08,-1.2883249402997723,9.187935178541462,20.74679858279187,-15.632270880192845
2001-05-09,-0.30000384530773183,9.768515428829605,19.865405585626274,-15.474177940584395
2001-05-10,0.7163771406212509,10.75086498054556,19.411826551149456,-15.55372965921685
2001-05-11,0.9893134893103095,11.114355388352593,19.961088211189,-15.975897310713494
2001-05-12,0.9997667523594136,12.61401533660901,21.060152567157413,-16.40480848114729
2001-05-13,2.1657388043631793,14.105871725865814,20.509524342800148,-16.15211269224991
2001-05-14,0.7665332773079501,14.243098855738126,19.272248778888223,-17.6309611747423
2001-05-15,-0.12478855105320952,14.553488155224704,20.07441490994977,-18.150348845700364
2001-05-16,0.8520641501479828,14.12253312370969,21.00057437238048,-17.98525702880357
2001-05-17,0.06966018383932548,15.058714536365018,19.91779218077386,-17.95500398539833
2001-05-18,0.0496426458041459,13.489303804120008,17.793615094108112,-15.752480922593188
2001-05-19,1.5626167944215157,13.137021086687167,20.889956967305956,-16.599759749387147
2001-05-20,1.3377282367199406,13.508050286171724,23.205608014556766,-16.740726914247357
2001-05-21,1.6444800784744527,12.154199663920796,22.350610565872056,-16.290904763185356
2001-05-22,1.8885361400664127,12.11385806001263,22.218912098694556,-17.77122164356555
2001-05-23,2.90333721358596,13.271989626357486,22.324637233826596,-18.59251756596034
2001-05-24,5.706661817549841,13.289848047341753,21.863700869144925,-19.642373698857867
2001-05-25,6.939366874096377,14.25644055311873,22.800858922571162,-19.875311703798637
2001-05-26,7.044320659545576,14.540841284319702,21.209685027385632,-20.11429531927418
2001-05-27,6.617270767945493,15.407939511219043,22.594903964686388,-19.16006699935004
2001-05-28,6.366160777115488,15.323220632055614,22.31485906945754,-20.98880992368591
2001-05-29,5.297914456827024,15.207241754131973,21.42444776437385,-20.283919340125394
2001-05-30,5.756014015287873,14.370034696357838,19.946079238919722,-22.008487393875352
2001-05-31,3.7590386810432532,15.89617584283088,20.258102299090137,-21.352986149322714
2001-06-01,1.5974301046557908,13.190250564365744,21.343181191166828,-19.061246094220298
2001-06-02,0.8412256300268672,11.871324617032004,20.63620660107652,-19.46933770098041
2001-06-03,1.402559068181919,12.85714113329644,21.25350802685127,-20.764075911122255
2001-06-04,1.2911452074922496,13.31637172782653,22.25253334881988,-18.372706453815738
2001-06-05,1.8522427626811613,11.75163753621339,23.73284946114236,-19.176787657783734
2001-06-06,2.7731794621205155,13.287086048056675,23.325438864282035,-22.44967017747061
2001-06-07,1.6715258706570875,15.50648774417658,21.919836131587992,-23.246197063779793
2001-06-08,2.007336900759993,14.48130958940428,23.655008742092065,-23.226677755263943
2001-06-09,3.551229824218108,14.027200310420575,21.928719870550005,-24.136232389472227
2001-06-10,4.032507758340021,13.788589360011683,23.147290250717045,-24.929876954885014
2001-06-11,3.034191352459244,14.089519720027365,22.67887922000871,-24.944594235981345
2001-06-12,2.095001045080002,12.506919055325724,23.344643983709737,-23.863968051468966
2001-06-13,2.161642195711409,12.058422541760795,23.920083190544965,-22.81201679533881
2001-06-14,2.030520595535234,11.521592082830704,23.544556220727916,-22.948638436152272
2001-06-15,1.4891891778157083,11.156174185068956,24.250565346156037,-22.489764340598423
2001-06-16,1.515642979829347,11.250032848938096,25.525382117114614,-22.016442054883573
2001-06-17,1.6672420340493292,12.395295160687573,25.957785560158126,-23.519944419163043
2001-06-18,0.153150494979732,13.055665899393505,26.759568254060635,-24.1488884285863
2001-06-19,0.9243804533241449,12.730193530415617,27.90630855277932,-24.74663980309103
2001-06-20,0.8277102084754081,13.079429490012457,28.611789703210057,-24.440883783243944
2001-06-21,0.6685933906664753,13.594174827876637,28.98571178423024,-23.42163799975453
2001-06-22,2.452634011925931,12.609842104025743,29.71533799043628,-23.50106096670201
2001-06-23,3.5133381810688786,13.092147181777898,30.189786650471618,-24.03569207084938
2001-06-24,3.0232304763266526,12.938918434668514,29.81155143299879,-22.03944149410321
2001-06-25,4.352399972734844,13.462980784914336,31.184061221630728,-21.0509300293879
2001-06-26,4.66678887490594,12.886788503952534,32.814870325701555,-20.708399318489693
2001-06-27,6.454320691914592,11.798295024227325,32.842279904041604,-21.020145936407996
2001-06-28,6.328935378875137,12.230306552406686,33.73362024405913,-20.757616280326708
2001-06-29,7.702985646150331,12.46453603753249,35.176126332935866,-21.250360518683628
2001-06-30,6.277421973104477,12.725804319487713,34.91024740255211,-20.289698143024083
2001-07-01,5.492402149442846,12.956579626219403,36.00295297609649,-21.585651081931818
2001-07-02,5.748412093977113,10.86108901457311,35.641008075462956,-22.74968438847642
2001-07-03,5.755561261433427,11.02483554431245,35.502185098131655,-22.487244046363088
2001-07-04,4.701921005991866,9.492156968368743,35.91796273574476,-21.16406448251326
2001-07-05,6.218037834474588,9.64951401355265,36.156616274061435,-20.505628778642915
2001-07-06,6.334508190394975,9.796044814658092,34.365377760789315,-21.049638092000883
2001-07-07,7.351949962146485,11.004592357273106,34.04281330693015,-21.786797663633397
2001-07-08,6.742492715286941,11.320860415708545,33.46324955559698,-22.00990074609606
2001-07-09,5.51166665832769,12.097910936229717,32.48040048443143,-21.355076382260172
2001-07-10,3.9316439154004783,11.990976162292828,32.55439926235601,-21.743338510910984
2001-07-11,5.038527996881765,11.335600305893436,32.6131989182973,-23.96094322700371
2001-07-12,4.770973618609774,12.574343666760385,33.39323375514633,-23.621761787478313
2001-07-13,2.48892657866124,13.660167747248892,32.96915234121146,-23.052766442057543
2001-07-14,1.3850554652342393,16.187197144922035,34.13628934590168,-23.7991223359489
2001-07-15,0.575835147313671,14.813575234557517,33.63045780312778,-25.214960605964936
2001-07-16,0.2904046155957991,14.371851957604497,33.18480408854115,-25.2070832656165
2001-07-17,0.46262597397052796,14.132992216976172,32.980129969748916,-23.755781889615033
2001-07-18,0.6735135331142009,13.130342381569047,33.40773514134161,-23.23145175322788
2001-07-19,-0.930970523004541,14.867419298215522,32.836981931032646,-22.327912651790495
2001-07-20,-0.5718981052451824,15.405520607817538,33.33050496493762,-21.541226445956802
2001-07-21,-0.4273778980149704,13.646528041132017,34.45140377000792,-21.056666694512437
2001-07-22,-0.15586883129438134,15.262966440326831,34.74343230201743,-20.46196141953859
2001-07-23,-0.924129279590183,16.59328272619202,33.27199754773022,-22.06769562104207
2001-07-24,-1.3133471739218514,17.450883721280732,33.13204848825149,-22.18655061978805
2001-07-25,0.5358774154239352,18.116214588895758,32.035526991789936,-21.7031697455492
2001-07-26,-0.5256720137220514,17.53113522370236,33.955173144807425,-20.679862903934822
2001-07-27,-1.0566846813411548,19.65287041572381,36.950953864808646,-19.244321291058476
2001-07-28,0.35877264159113653,18.310606535821687,35.742790017332524,-19.034228234130754
2001-07-29,0.47891191325991156,16.443441844291414,34.070308035982414,-18.724357289156398
2001-07-30,1.0501009345546273,15.770359025879728,32.83505668152551,-17.881677084101746
2001-07-31,0.8123769375444626,14.966242906009699,33.89856977323004,-18.47794414806319
2001-08-01,2.033504095284834,16.500144802824632,35.252510191609716,-20.2583436801815
2001-08-02,2.497805271263122,17.48145269545285,35.22925058745582,-20.883149453590857
2001-08-03,1.0453068755131454,18.05209738078884,34.79391875926522,-21.370524305139067
2001-08-04,0.47678224800623714,17.197485122011173,34.21995925852166,-22.94466108416296
2001-08-05,2.7566028331243535,16.664109632531197,34.035038074760116,-24.896350877858684
2001-08-06,1.5476755435348217,17.106916914192563,33.248551507111536,-25.461561503071227
2001-08-07,0.6368083780377197,14.52859352649518,32.20081578625328,-26.22677744981908
2001-08-08,-0.7999248000989306,13.791983050468067,33.28673682876826,-25.49817842152948
2001-08-09,0.670375866039196,12.978392617818946,33.83732069236159,-25.46549327252475
2001-08-10,0.43603963157947334,12.649200886554219,34.66843524529866,-25.69213707596111
2001-08-11,0.8967263833311407,12.183849872315852,35.45039576105909,-23.6356208637694
2001-08-12,1.1555993471799662,12.033923542608154,36.300811672128916,-23.61215484972392
2001-08-13,0.141702932452606,11.272561854710705,35.53608814709946,-23.013812094400144
2001-08-14,0.9535102820798057,12.949197090742741,37.279633344385736,-23.38268146148235
2001-08-15,1.1763661586499925,13.608185255068033,37.83497483761088,-22.56460625900495
2001-08-16,2.7029854660958277,13.618908260302995,39.190605078692144,-23.267107362916473
2001-08-17,0.9987429636281335,13.489192616196439,40.02228340570309,-25.02955653027343
2001-08-18,-0.6721035176337053,14.973978822468867,38.93154279944299,-24.58279720183978
2001-08-19,-2.2511195220934566,14.315721503399393,37.03562114619198,-23.91172092379221
2001-08-20,-2.4966864166982328,14.73601247230388,36.05126537188374,-21.799357624906268
2001-08-21,-2.958611787944517,15.822229851136607,35.731028254957884,-20.408461859731347
2001-08-22,-2.9958334605585173,15.657337543986165,35.549960958896186,-20.747582921850313
2001-08-23,-2.100571644060656,16.12612139109713,37.173124735240776,-21.4431605169813
2001-08-24,-1.6176011289560273,17.66238911907109,38.18461067705967,-21.80338594846954
2001-08-25,-2.7755125442935475,17.278666807205703,39.038786605130504,-20.42202274713819
2001-08-26,-3.572727863902563,17.026266063341545,38.82576161622891,-20.534403393664665
2001-08-27,-3.8773031994994045,15.353775642731572,40.33103899422186,-19.16535542505904
2001-08-28,-4.036863621643894,18.065916539922235,38.686505376919264,-19.838437548912736
2001-08-29,-4.280771139213001,18.89948864172286,39.42791149030263,-19.32670632393543
2001-08-30,-4.935245279187333,19.15036996117512,39.361775314105934,-20.071722236047897
2001-08-31,-6.790769948697708,19.485851246950517,40.33964628409336,-20.134150369091987
2001-09-01,-5.1934761265612375,20.336135606614917,40.52159589169912,-21.91169698396168
2001-09-02,-4.361051669116625,20.583010298247757,40.1101635451497,-21.271819159144073
2001-09-03,-3.253967520727266,20.895742065078103,39.2964013296606,-19.43838185350427
2001-09-04,-3.322342524360515,21.897178933871636,37.64181345774453,-18.998688085324375
2001-09-05,-2.3267618295482886,22.537114224161922,37.49428949458124,-19.407103326741098
2001-09-06,-3.293673055268834,21.402161768625398,38.10415448295537,-19.487205101527262
2001-09-07,-4.0101946397433865,21.706488999642698,38.941443974796194,-19.969702334454418
2001-09-08,-3.335243073503559,22.04425213872,39.91860345899846,-20.414833648812305
2001-09-09,-2.6166502314591678,20.87643216955862,40.88155288898096,-19.928687345282526
2001-09-10,-3.2005370197439675,19.112589918102827,41.69142874114933,-19.80804290847727
2001-09-11,-2.7290735827845927,20.790691483778577,42.34382223884507,-20.4463141450447
2001-09-12,-2.7122320020033786,20.29467966019799,41.65160848915991,-21.50954168260664
2001-09-13,-1.8831110813279461,20.146382166313657,41.39076356266521,-21.52465312846843
2001-09-14,-1.8402778286594543,20.881280241799466,41.53953743611393,-22.113569562110463
2001-09-15,-2.2479285666878415,20.067725393075122,42.46993844672599,-21.702161884527744
2001-09-16,-4.319123234402527,22.834933222502173,41.059197217066554,-22.31907070756915
2001-09-17,-3.171037977419074,22.85741863012217,41.95576003630203,-24.26492233840029
2001-09-18,-2.4820621559974754,23.301221526714997,41.92454529026361,-23.29331666890619
2001-09-19,-3.3115939034770725,23.571689551451954,42.03885068937827,-21.81264471813755
2001-09-20,-3.458386353943561,24.112725380860663,40.91395957071534,-23.475666220988295
2001-09-21,-3.161422435482101,24.24477125758349,40.12217444476112,-23.746717633609357
2001-09-22,-4.101525645123439,24.180871764635786,39.456810710281665,-24.715890035354327
2001-09-23,-4.132319352106507,25.171865726041528,38.24498378052842,-24.560822480134036
2001-09-24,-3.0416506911737473,25.03895202083209,38.02518161686488,-25.323314724478276
2001-09-25,-1.864478421219621,24.900538891803205,38.157837686601205,-26.947932332101747
2001-09-26,-1.3451084668550313,25.507981589677872,39.60928345987158,-27.891488957554483
2001-09-27,-1.9175990898307333,24.9823214147388,39.51657582874583,-25.67087152986052
2001-09-28,-2.569485508495605,24.527163359462598,41.50523048108716,-25.705763568714612
2001-09-29,-3.03713009434938,23.246017290827695,43.18882671547052,-26.023511414461375
2001-09-30,-3.532095734769191,23.23982039874607,41.446890616894244,-23.99033788118463
2001-10-01,-4.171399483225119,23.840563286810877,41.477293594048845,-23.099205485987703
2001-10-02,-4.428462085600506,22.755659148574082,43.355815830627726,-24.034145579311772
2001-10-03,-4.828085162313511,21.916954122642338,43.497005384456806,-24.07822345981538
2001-10-04,-5.814516461998235,23.69327389828282,43.41122201751384,-25.61618159480068
2001-10-05,-4.63905942517797,21.956136288247933,43.03185187067126,-24.807554308630536
2001-10-06,-4.050450502373362,21.38300383288236,42.81672310677105,-24.701554449775518
2001-10-07,-4.344911911251894,21.761509764626705,43.14111724531949,-23.49035723395336
2001-10-08,-5.105212164444292,21.74406116365528,43.56908835052265,-24.453376693312347
2001-10-09,-5.273930644933466,19.96656561416545,42.77424570880077,-24.483397955353837
2001-10-10,-4.1097827028440825,21.187774679063867,43.64924593207717,-24.343937661453737
2001-10-11,-6.218231746225571,21.700911574704225,44.15410098918491,-23.53223825429006
2001-10-12,-7.368091727025958,22.39392339544633,44.63842771884156,-22.74382061644927
2001-10-13,-7.195385749151289,23.594409461032686,43.87115743322301,-22.791616362609542
2001-10-14,-7.18652118651419,24.91356116862215,42.99259416178,-22.846571826543695
2001-10-15,-8.305445439292246,25.744226291557503,44.90700897103024,-21.733799842339288
2001-10-16,-8.628763764810127,26.78295488792238,45.35851011643115,-22.357018703706935
2001-10-17,-7.560185461444888,25.380453666159138,45.06950593838596,-21.79994168061699
2001-10-18,-9.181981970920772,25.374887714833154,45.1982167668949,-20.930222947298454
2001-10-19,-11.056994067521154,24.961702816305014,46.2850046392419,-21.13773817935462
2001-10-20,-11.01953640618461,24.010664865210426,46.687521265300646,-21.09454806851296
2001-10-21,-11.543267015007551,25.547187264785215,48.552536978127115,-21.63988061971894
2001-10-22,-12.357514091113265,24.881215599613547,48.47110617540488,-20.36125473764055
2001-10-23,-12.505309704821038,25.68933342168053,48.20019417657534,-20.579970198529292
2001-10-24,-14.253346222663623,25.446087056445162,46.33824255337284,-22.06030398085794
2001-10-25,-14.569898454280917,25.48873392506401,45.37156569831181,-23.192696472632555
2001-10-26,-14.883088312220567,24.18021276234278,44.12353019056292,-22.048192334740303
2001-10-27,-16.10695843001723,24.21090117985969,44.435660370966964,-22.12680251168688
2001-10-28,-14.828888339490346,24.58463777830769,45.41637115418477,-21.76175819692178
2001-10-29,-12.679845480084964,23.606147304729934,46.27321037583835,-21.89924763219997
2001-10-30,-11.040215313374894,23.902066704311743,45.10823670530314,-22.87848868542864
2001-10-31,-12.037744616959287,23.72145034269443,43.82893805267332,-23.13061223124206
2001-11-01,-12.343635237107028,24.044312634802193,43.59865181477661,-22.315684175766567
2001-11-02,-11.070855966006892,23.98966930501962,43.65219585431802,-22.585445583114996
2001-11-03,-11.66440559991207,22.632610696069023,41.81466307880154,-21.69928333051727
2001-11-04,-13.015175848253858,23.35841864044351,40.92326081639608,-22.104732507869166
2001-11-05,-15.410677894562175,22.68279319640927,41.29694442178241,-22.685736055166863
2001-11-06,-15.885153807016406,23.84778431802954,39.791058647562174,-22.915022740137964
2001-11-07,-16.045599814602216,23.15293951842589,39.72626406362982,-21.637438934535297
2001-11-08,-16.128696970541068,24.008301005268883,41.75732451890971,-23.832290894618843
2001-11-09,-17.443762395533387,22.833463938481728,41.83947844761796,-22.601799990602363
2001-11-10,-17.004662278278325,22.37376065682937,41.33678653777834,-21.731161995527124
2001-11-11,-18.47709803181137,21.58803659516273,42.067225959406024,-23.0475353870511
2001-11-12,-17.99015592076175,21.084924837521786,42.95842285394202,-23.356110775381005
2001-11-13,-17.242064356420364,20.043063117617105,42.74035483910446,-22.548210255898397
2001-11-14,-16.18185910739325,19.323076118600557,42.50394702856883,-21.2135120515956
2001-11-15,-15.975507072216487,20.225910300185753,43.319431170057676,-24.248160458394395
2001-11-16,-17.286702029719585,21.2883076509319,45.3521039190687,-23.657678823278488
2001-11-17,-19.022924939065465,20.689527326395368,45.7309507950907,-24.83774094048772
2001-11-18,-19.548489993258013,21.108066540602785,46.32314367105189,-24.863364368186364
2001-11-19,-19.963527062938706,21.476112448014177,46.96681389057464,-25.784444444490596
2001-11-20,-20.92523113193286,20.41177338879667,46.760652864369725,-25.758184719478557
2001-11-21,-21.10472344464434,21.771448038118336,47.82242571818842,-26.265409752942134
2001-11-22,-21.66914713881481,21.629634598911853,48.84468922036983,-24.443037070027263
2001-11-23,-20.137175652674543,20.55283247036179,48.12290378496492,-23.950702394946216
2001-11-24,-19.50985853021573,20.712537563673287,49.69480954677416,-24.17682630509135
2001-11-25,-19.756886176528127,20.984041809752913,51.542540639290266,-25.43359241779311
2001-11-26,-20.474183407625215,21.80250996964716,52.25969763873712,-24.39000328995291
2001-11-27,-20.56050707687845,23.595002919081143,53.457735575092244,-23.951230774915487
2001-11-28,-20.886129742289782,21.792450657656275,53.850845463815496,-22.71161534916403
2001-11-29,-21.555700200973046,19.257425791779742,52.18921823743009,-23.630449658816584
2001-11-30,-21.58373515203923,20.385365451225887,52.5426821249013,-24.392869509891533
2001-12-01,-21.227458451579466,18.40613569921192,52.90585979229732,-22.874868261213
2001-12-02,-20.89341390354399,18.166871932171446,52.02921184154089,-22.217981481995785
2001-12-03,-19.1831705014181,19.7941023503701,52.10764037606564,-21.545731533313887
2001-12-04,-19.263979981314645,20.365353550885995,53.59169116770165,-21.08799942452375
2001-12-05,-18.86210884932009,20.93311827121525,53.02238020831096,-20.793015334961513
2001-12-06,-19.20708891288448,22.625502489159576,52.32017785185514,-20.216498235166252
2001-12-07,-16.986380665829753,24.123809144171915,51.20722549253944,-19.49744057803935
2001-12-08,-16.85254586748291,23.21808690164327,49.98999444945256,-19.50752607293442
2001-12-09,-16.317373849628858,23.597493122119765,50.71102691981418,-18.606797044756288
2001-12-10,-17.36105610699687,21.61972870359537,50.870768541632856,-19.14599120640921
2001-12-11,-16.573612861943218,22.39808651995727,51.894032935231465,-18.42212742210847
2001-12-12,-17.36708855448804,22.86448561302332,51.38420135605076,-18.904523469150103
2001-12-13,-17.141839989886183,24.376332539088907,50.970751104702906,-19.67650896722874
2001-12-14,-17.331212803913147,22.858251103454915,51.45429114375608,-19.44926812347418
2001-12-15,-16.866087591413073,23.108128823833763,51.15883012522021,-21.0509938545938
2001-12-16,-16.252733915202043,24.27156435991067,52.249993745774546,-20.970254530880215
2001-12-17,-16.885350815332515,24.20189725673177,51.679570764451555,-21.825105622258807
2001-12-18,-18.870385307424577,23.44280417959864,51.06091832226666,-22.888706887246308
2001-12-19,-19.67632387987584,22.251069145883392,50.281564869615764,-21.732694905518947
2001-12-20,-19.546068674656613,23.382950289288157,49.743542437281825,-21.179690387667627
2001-12-21,-18.34305320404796,22.219000854864614,50.21033054539361,-21.860596517872658
2001-12-22,-19.447727323856533,22.943654504556726,51.66485639292901,-22.038416538133962
2001-12-23,-19.34150836662113,22.468791126823128,51.50635195219513,-21.918321073545297
2001-12-24,-18.60194651593948,22.52879922004479,51.65998040595169,-22.38096282024323
2001-12-25,-18.611025819673905,23.21548476610374,51.56343186231021,-22.192590735560938
2001-12-26,-17.60463784979776,22.964510595615778,52.7609489320367,-21.459258816613517
2001-12-27,-14.991646759227825,23.55185105559886,53.00621371348922,-20.811997746970658
2001-12-28,-14.936043884622249,22.765646120005982,52.5471031355171,-21.438541496633857
2001-12-29,-15.341399967962994,22.35799634339009,55.07578904463986,-20.09492194553073
2001-12-30,-15.10762816883084,23.10067506814122,55.251555892881164,-19.721499062483243
2001-12-31,-15.251865547410256,22.781204350777113,55.93124461707412,-20.293963626223167
2002-01-01,-15.539238724513568,22.630678974364134,55.99562721275171,-20.637308872518865
2002-01-02,-15.81596916065801,22.400610327707724,56.95003160192389,-19.263850344928247
2002-01-03,-18.14219722728757,21.525978738917868,57.5338535988089,-21.11366829867476
2002-01-04,-20.137373613400925,21.079667178566496,58.16465055444028,-19.91949991772852
2002-01-05,-21.72008382158546,20.478254143328797,58.5270588427951,-20.383465274454775
2002-01-06,-21.328217520168486,19.310711495378715,58.34828929015,-20.0312648684812
2002-01-07,-21.25578608098076,18.649563277339773,56.79311556303483,-19.427951465171372
2002-01-08,-21.186146378175344,17.826922854237605,56.55352580438652,-19.594537204582842
2002-01-09,-21.21252452860083,18.80095333630455,54.617910113548305,-18.986747221995035
2002-01-10,-21.457663630356453,18.856499675309784,54.873558311016374,-18.113911945935047
2002-01-11,-20.3842876435977,20.502200077887885,55.7197521975324,-17.487650586636345
2002-01-12,-20.10497584578103,19.645850845998652,56.160078526787764,-19.041939721122965
2002-01-13,-19.781637962281664,19.79539968972939,55.726091096534674,-20.362229370019943
2002-01-14,-18.374958123572334,20.28930739635748,55.55508919585983,-20.8481867345082
2002-01-15,-19.778853770013058,19.37847268996664,55.94019692309003,-19.85202205417942
2002-01-16,-19.650641947240793,18.93635362375257,56.5651624952048,-19.633810180127607
2002-01-17,-18.709986235224015,19.48640198942925,56.775774312991125,-19.393186983624386
2002-01-18,-19.103172254989932,19.56737213248145,55.82222951995432,-18.364428776289976
2002-01-19,-18.339759922318734,19.88989786234101,56.446380521177225,-18.661989162311137
2002-01-20,-19.319968156937467,20.180332811955335,55.28609370340854,-18.843364377892602
2002-01-21,-21.770037449718064,20.830352071864873,54.118361170124075,-17.510282841977588
2002-01-22,-21.910475925335128,21.789309460590566,54.732007213001935,-16.473167757238272
2002-01-23,-21.345665025743198,21.37590826071739,53.91254645705096,-17.472755132752205
2002-01-24,-21.436290007077734,22.496146085708148,54.31490892670976,-18.29254346969856
2002-01-25,-21.328113038446965,24.371195164945266,52.800965914802084,-18.770219777299683
2002-01-26,-19.780153931885117,23.95110513911848,51.632682479442536,-19.993541673380925
2002-01-27,-18.630545567961576,23.304059808373946,51.53529566781877,-19.62067081031161
2002-01-28,-18.65788173005694,22.028027710480362,54.536258851222684,-20.620028472710075
2002-01-29,-18.027343385719444,22.108705568175996,53.7268572789101,-21.291408761224396
2002-01-30,-18.48290309018791,20.934778580313,53.370025380435294,-21.331365722331608
2002-01-31,-18.097558871877162,21.43302590758814,54.374524918659645,-22.859145258105716
2002-02-01,-19.08409075846168,21.953064608800457,54.99555385663249,-23.840424595960936
2002-02-02,-18.15938765868623,22.447046040788432,53.646723281329194,-25.013637690662982
2002-02-03,-19.575845509916864,20.88855114217363,52.828141264826904,-25.38163335362875
2002-02-04,-21.148479569735684,21.76192245851317,52.94113783668592,-28.58200748542979
2002-02-05,-19.522919154251607,21.393315534942253,52.94236985618233,-28.628563310816016
2002-02-06,-19.595850990942864,22.07486135892951,52.319756050489,-27.791904081028004
2002-02-07,-18.89192623026831,20.941992437140676,51.6197011419124,-28.207838755595898
2002-02-08,-18.72842659408015,20.146426592583225,52.873602954927826,-28.31190683492061
2002-02-09,-19.014711121589844,19.105172494635937,54.711513482610165,-30.736620372490158
2002-02-10,-18.292738231619417,17.45183275869331,55.39500567573959,-29.047168391353985
2002-02-11,-19.92157916621065,16.976567739247844,55.28975844149795,-29.506293649132914
2002-02-12,-19.97197897020069,17.44352688495889,56.397917822389246,-30.80249768544182
2002-02-13,-20.005310042922538,17.7645694425054,56.51787159082551,-31.933762736082496
2002-02-14,-17.65778314789528,17.78152180405151,56.26572075748415,-31.97870415158183
2002-02-15,-16.46161788799142,16.878384579825635,55.814442064617545,-31.110657431128555
2002-02-16,-17.94780749211068,16.390129039848283,55.41641088424417,-31.582441592085285
2002-02-17,-18.14479589067878,16.250895761758507,54.796214768715316,-31.822999945147618
2002-02-18,-18.674907307501975,15.326423344591358,54.86217582635503,-30.346626475790206
2002-02-19,-17.205893042241637,14.715644842734783,55.80287986389844,-31.493154444730823
2002-02-20,-17.562668957230485,15.249829982711974,54.857349136999595,-31.421402728626152
2002-02-21,-18.572372678714487,16.73570758731148,55.07072474612286,-31.62697271740255
2002-02-22,-17.816597052419922,18.70913315985718,56.185907664463834,-32.061463658725756
2002-02-23,-16.73218167180224,18.440286434666948,56.69858515407333,-31.25133187582303
2002-02-24,-18.1642714731407,18.876452545971063,56.26428319453249,-30.510223340912525
2002-02-25,-17.264897998933833,18.258047675299615,55.73433699731163,-31.772096091385187
2002-02-26,-17.25009315914313,18.23466395252046,55.658776203486276,-31.283701751499304
2002-02-27,-18.52018766999175,18.223124610599143,56.086983788227855,-31.605445563767805
2002-02-28,-18.309494262519724,19.208046232812272,57.94450767192003,-31.31859271397996
2002-03-01,-19.520797750969983,19.33501916049835,61.18224750306607,-31.965430506538258
2002-03-02,-18.62726083016083,19.378233436826005,60.74735869480034,-33.02659311373673
2002-03-03,-18.802983194760813,16.433949608303724,60.47532581385913,-32.809195035043274
2002-03-04,-20.19623136097601,16.542978802237858,61.14325887243195,-33.19535663410109
2002-03-05,-18.342043252285503,16.36430494115011,60.58469020374086,-32.934923739911824
2002-03-06,-17.65375280397196,17.64632928177298,59.78376035496443,-33.73047452078014
2002-03-07,-16.038943572141516,18.112392829560378,58.92153451215924,-32.81733697134938
2002-03-08,-15.05810769438445,16.707506618371124,56.86992867338314,-32.940046923780464
2002-03-09,-16.180935376319862,16.614470163662112,56.80418119727635,-31.497923010842175
2002-03-10,-17.013951770062278,17.112425280140567,56.15176697762813,-30.7616268028633
2002-03-11,-15.970875757725159,19.065063227282984,54.88976693845501,-30.81970374996168
2002-03-12,-17.363804081915923,19.63377928456303,54.63466058539666,-29.587374481968762
2002-03-13,-19.29647216813053,19.516594751864538,52.60966216487151,-30.504841883344344
2002-03-14,-18.535864479910217,19.94449166865442,53.6597514278117,-30.329732516216907
2002-03-15,-18.66557624640275,19.09771234890823,53.19432270354736,-30.821195733706798
2002-03-16,-17.752536002385245,20.640621674500064,52.86674309913507,-29.996463587263147
2002-03-17,-17.86786496223425,20.804296509244015,52.561172058408296,-30.46594222700444
2002-03-18,-18.430810925489755,21.551803081624236,53.234435558149166,-32.55959750221663
2002-03-19,-17.417702964967795,20.91935680345064,52.52210017946404,-32.43673142733538
2002-03-20,-16.875263879593554,21.130183208457915,51.40380958009828,-31.6890405971209
2002-03-21,-17.610084635211628,20.276854304540425,52.33382903253245,-31.719872497903275
2002-03-22,-16.85477631056509,20.401972272522258,52.53519995577717,-31.92048503566309
2002-03-23,-15.74794084311828,20.672759178772587,53.00257573249266,-31.558725365102045
2002-03-24,-17.65979750406366,21.017010534958043,53.8276829716907,-33.19711340861546
2002-03-25,-19.624877502725507,20.463958297447473,54.49151887072381,-32.14095199383887
2002-03-26,-17.74275222865201,20.76943794707631,53.781047276662434,-31.20876921758239
2002-03-27,-17.063854356450527,19.921134506068313,53.52597519111337,-29.28419019199307
2002-03-28,-16.510521375928782,18.288875979881958,53.72643953291945,-29.813134549517653
2002-03-29,-19.226472487785312,17.698676829256662,53.78121950264268,-29.91473186826021
2002-03-30,-20.727206587938454,17.262693908123683,50.848027955208536,-30.121691490500297
2002-03-31,-21.30533053887063,17.488607452197332,50.12591299959088,-32.36847259636585
2002-04-01,-21.532956202904508,14.969583303512213,49.20940819155948,-31.89104191160839
2002-04-02,-20.55811056122986,14.781822900808677,48.79674529047016,-31.547188420311084
2002-04-03,-21.5387234735486,12.996532033816235,48.711702578891504,-28.892511204067322
2002-04-04,-22.624851713591998,12.037845664435663,50.10920017799968,-29.17583447706321
2002-04-05,-22.098391308933234,12.456384837567516,49.28046123180334,-28.96068942478129
2002-04-06,-20.331553405797656,12.490461775435522,48.31135711521844,-30.62026406221428
2002-04-07,-22.35006353536971,12.175793958231313,48.24851963441411,-30.59304218680244
2002-04-08,-21.290674356756536,12.161048154025712,49.83814980582475,-30.762559637597587
2002-04-09,-21.941839901425492,11.356035170460917,48.23247985138451,-28.9359617195322
2002-04-10,-21.71946678599637,10.784124751285667,48.876164340729495,-29.60109499808059
2002-04-11,-21.101460327093584,10.60855594983873,47.79998680021269,-31.49895895970495
2002-04-12,-21.326542147245256,10.914393277576382,47.69984186953337,-30.879998321310254
2002-04-13,-21.488489223461535,9.352159244300296,47.67686341648498,-30.5402787131017
2002-04-14,-22.454591595195346,7.231178922311788,48.58770473247038,-29.84323634238605
2002-04-15,-21.016303847050295,8.419960392593412,48.527243934542426,-29.759899725502258
2002-04-16,-19.540316119383363,7.9354955868132135,49.36014507551179,-31.14716027225256
2002-04-17,-19.439052149041217,9.397395262016152,50.63920330184513,-31.935837967085536
2002-04-18,-18.84059519115774,10.009705891688215,50.970401752090346,-31.944304955493365
2002-04-19,-17.362485421306854,9.71463388578692,50.27028876714623,-32.2565930012467
2002-04-20,-16.700414643104956,8.579744638906561,50.83036544693988,-31.49543260049087
2002-04-21,-17.003591128647752,8.078794788756483,50.89969728894103,-31.02673667978979
2002-04-22,-17.390049845287546,9.145928798567631,51.20832344292677,-31.41037453818476
2002-04-23,-17.595193888402267,6.856039889042744,51.25213906932606,-31.535794786721304
2002-04-24,-18.78598346540993,6.266372913400262,49.98088787429283,-32.24228348065992
2002-04-25,-18.051688974724893,5.4932895255494705,49.872655168695054,-31.701232861402172
2002-04-26,-17.59947129089836,6.096051950082263,51.27977754397875,-31.91916892018458
2002-04-27,-19.89720223777799,6.661837632505758,52.24664713425059,-31.19181967585182
2002-04-28,-19.891019368625106,7.232122049612118,50.50728370706328,-32.47369272145548
2002-04-29,-21.426369352249136,8.174196112569357,50.68424133473499,-31.16857374263883
2002-04-30,-22.46682271823634,8.444163164879471,49.6458035988031,-31.385209285637863
2002-05-01,-22.505628483370426,7.8281788033890916,49.745077147770154,-32.472588192820474
2002-05-02,-23.4282090020007,8.927759356301877,48.793390003875814,-30.820839049131987
2002-05-03,-24.01174279356358,9.242923184478848,47.743290153464784,-30.459697232856108
2002-05-04,-22.792490990426955,9.858514270502251,48.509590229003045,-30.20286217554718
2002-05-05,-22.12283451110947,9.286163273238612,47.56958374140649,-31.334126978255792
2002-05-06,-22.641300138084283,8.765488939766099,48.85218483546474,-29.96605016740611
2002-05-07,-22.56302731857594,7.804849193942094,48.55942739613947,-28.839969333399793
2002-05-08,-21.877936575704677,7.782116267608038,48.28207304287128,-28.31989458712496
2002-05-09,-20.977828574964125,6.422954512753483,48.9915652409138,-28.17570909250464
2002-05-10,-22.273269095454566,5.942115025197095,47.97550458364365,-29.60185098191219
2002-05-11,-23.830010204705736,6.875764064171045,47.226303982176915,-28.76719536569997
2002-05-12,-24.646516003589202,6.935722947870362,47.094055234466744,-29.63329842536806
2002-05-13,-25.424737717439942,6.0593063437560595,46.69165191418,-29.57745012148282
2002-05-14,-26.17124267102351,4.885643059966354,46.408080313987256,-28.51532436560986
2002-05-15,-27.037014638716066,5.100053347356971,45.72557198012156,-29.374129036897667
2002-05-16,-27.117261685129627,6.272642094293648,46.49356210959471,-29.738806640941657
2002-05-17,-26.848658443963714,4.654545383235491,46.21051842210669,-30.667097684340785
2002-05-18,-28.705289672103337,4.789467659638611,45.212809804140875,-30.798900908762256
2002-05-19,-30.564101915283924,5.0993988745635,44.77127065222289,-31.830692161918673
2002-05-20,-30.23787114177819,4.9066937614141235,46.42147401238106,-32.04561772080243
2002-05-21,-31.45428602059811,3.7112582313704703,45.924340785565676,-32.2486036685354
2002-05-22,-29.97913213472469,3.321094724385987,46.43248895213151,-32.291850947337466
2002-05-23,-30.678317181922623,3.8015113095478985,47.36822230335635,-32.17958290686747
2002-05-24,-29.57803115731857,3.8725395056876972,46.24317082556141,-30.988731090181368
2002-05-25,-29.435651413556016,4.391848014393631,46.650516428557566,-30.458269760200366
2002-05-26,-30.366990002632257,6.628068886293219,45.98062442760574,-31.353423955911477
2002-05-27,-30.011073116741656,6.929907847833532,45.486121326625664,-31.39876869003086
2002-05-28,-31.252339023304017,5.985149188529344,45.035683750774965,-32.978790645552415
2002-05-29,-30.52755970166109,6.787965942495465,43.80963877063952,-31.618065593220827
2002-05-30,-29.136798260144847,6.114381639516557,44.94002027512173,-31.92302090082946
2002-05-31,-28.647044465437062,5.648644327413703,44.40698451990226,-32.689971506679406
2002-06-01,-28.180443319888568,4.1705941849568795,44.5734154813838,-31.51389159588111
2002-06-02,-27.562600793887608,2.6501087256988862,44.57947100738634,-30.845221022819523
2002-06-03,-26.967629744976584,2.406196675099539,43.85948069801582,-32.54295370577435
2002-06-04,-26.359435283324014,1.7196000227500936,44.50469843040609,-34.68813147747676
2002-06-05,-24.7036247325332,0.07203555415605711,44.365574815915714,-34.414587149013315
2002-06-06,-25.55733344800276,0.417567913683821,44.1854437339083,-33.58646238669107
2002-06-07,-26.661237141401376,2.2159946092063727,42.49216644972361,-33.43172472022102
2002-06-08,-24.724495917358496,2.017074097662459,43.51232841612856,-32.239794528875215
2002-06-09,-25.046645308089225,3.4785036870796597,43.866652686889246,-32.11131704193496
2002-06-10,-25.275492030893602,4.184787397389478,42.993376814491654,-30.223163663758864
2002-06-11,-24.11036217787779,4.4830691837320416,43.914128452432266,-29.405453524769438
2002-06-12,-23.170756044577335,4.767987304573534,44.17551136637764,-30.331684611215067
2002-06-13,-21.947619981027955,3.6484539005197654,43.16995386680303,-28.616940255032805
2002-06-14,-22.378586182999207,3.6126848545221306,43.07649692840272,-29.22758254524722
2002-06-15,-22.684092652962455,4.536590305962812,43.83300772875615,-28.94031594474987
2002-06-16,-21.68245687708261,6.372157337803982,43.30777980631975,-28.774182280117063
2002-06-17,-22.24412618343603,6.654055199480431,44.30237144365566,-29.209465646414976
2002-06-18,-22.073340640499683,5.46828811043381,45.076506610124625,-30.10629318431731
2002-06-19,-23.26696948326029,6.6900746989529,44.299028279580185,-27.622627373931586
2002-06-20,-23.227852029417406,7.908994023978911,45.644247572301666,-26.674599833661947
2002-06-21,-23.022635729576354,7.387815691132204,44.4695919994012,-25.900192660933257
2002-06-22,-23.32556105796897,6.756480998116857,44.49521221653413,-25.42775133844757
2002-06-23,-23.522619230562068,6.425636268188874,43.10065076475448,-26.233031813684185
2002-06-24,-23.061007670836304,4.9799095178575,42.801780091244225,-26.680545186400167
2002-06-25,-23.25906403238401,4.160404241413881,43.51301576181104,-26.61049186897868
2002-06-26,-23.854785432621583,3.806982658312932,44.05727143635729,-25.793618165748164
2002-06-27,-24.085294816771675,3.364369405484822,44.215171677984245,-25.89553000619914
2002-06-28,-23.18364241451346,1.9605652141421346,44.77457009771798,-26.587203677270516
2002-06-29,-21.49679939828919,1.4130888546346774,42.91358235300641,-25.672977603454544
2002-06-30,-22.223323392116075,2.610612879146265,42.305033474416376,-25.37993836684774
2002-07-01,-22.465260444195245,2.2340609558673594,43.35920130884454,-24.542476477899022
2002-07-02,-21.182600581446184,0.9621267332432455,43.21995275550366,-25.478970714896253
2002-07-03,-21.924905415893857,0.36756263450614635,43.51919556872999,-25.315177561052504
2002-07-04,-20.28037026083079,0.763573923336936,43.361272211211926,-23.410721061150344
2002-07-05,-18.772664197717305,1.6604062383042262,43.30653931597333,-23.845513933246075
2002-07-06,-18.068488237847756,1.273722375158055,43.707989456552575,-25.349550518148135
2002-07-07,-17.252811974103125,1.3880665308669335,44.966467388604215,-25.582224580401263
2002-07-08,-19.556685428669756,1.2711363972814353,44.65599454834912,-24.545995670927482
2002-07-09,-16.51089953458454,2.8288785624945088,44.21346090589035,-25.8715725634787
2002-07-10,-15.914205043548954,3.8360566968630656,44.020421234728474,-25.942698147995994
2002-07-11,-17.00103517780788,4.436155180901579,45.36772959247379,-25.868107217429493
2002-07-12,-18.214470308964625,4.014043627179905,45.487543764031486,-26.114272378233323
2002-07-13,-19.952405794732204,3.8116237537478224,44.87524148896306,-26.695504731233022
2002-07-14,-20.386069318592686,4.447898635744796,44.78600285150256,-25.491787518667664
2002-07-15,-21.233853802923882,2.5631214741131583,45.38085875759265,-25.87060897356728
2002-07-16,-22.65009814911523,2.687001225353342,45.63750926172014,-25.22753403724757
2002-07-17,-23.734814076577774,3.078975268763427,46.82749818342727,-26.215929172552983
2002-07-18,-24.576978139295193,3.288947000679282,46.760564418318005,-26.706991144912777
2002-07-19,-24.805728412203035,4.567059342708215,46.35597149556979,-29.178374837296314
2002-07-20,-23.986446316398094,5.970680703836168,48.16049669260875,-28.883703504546506
2002-07-21,-25.01984847145359,6.255263545535043,47.240824470027896,-28.40998914940624
2002-07-22,-24.49193201000821,6.956909187118935,47.72813875630189,-28.520553280215715
2002-07-23,-24.512868484699517,6.402782091612677,48.095076010443115,-28.059797867481507
2002-07-24,-24.66321789762602,6.539818818918094,47.370168805951245,-27.271212313078088
2002-07-25,-26.4086709987401,7.28748239382081,47.26404338450757,-27.758440459782417
2002-07-26,-26.299239136573608,5.665162781811131,47.49203459741336,-27.360887637274587
2002-07-27,-26.358540364240216,5.606008961534067,47.6663909818479,-28.088035076808083
2002-07-28,-26.81408283918141,6.289906086413348,47.809482021546806,-27.405706017205222
2002-07-29,-27.085984404236434,5.461639163781604,49.027046529011535,-26.111289312966125
2002-07-30,-26.84665892485128,4.866203033866112,49.18969270954951,-27.918380053202526
2002-07-31,-25.569662000894336,4.30660208600508,47.4963856140214,-29.564917967598664
2002-08-01,-24.692237671942177,4.517654554927231,47.95236447630747,-27.92453454262146
2002-08-02,-25.04181063974066,1.6560834084325058,48.29482901596542,-29.64444358812767
2002-08-03,-24.404182444166455,2.322168051673961,48.97249661808395,-29.84833696678166
2002-08-04,-23.14823052423126,4.80341035542064,48.81988797741497,-30.10430819632459
2002-08-05,-22.467638030659646,6.8446047496844695,48.29594471673746,-28.89387906468509
2002-08-06,-23.942026105420965,8.723334744348385,48.75370020452566,-27.68162070213132
2002-08-07,-26.031250228245497,7.797736150787795,48.50199616102513,-28.833609742158934
2002-08-08,-26.322499912552093,7.630272279272637,47.65196182402921,-29.121087350170615
2002-08-09,-26.633095928080476,8.610479452730887,47.56697538502139,-29.958093243235655
2002-08-10,-25.506818429726398,6.67494881064006,47.07906377822722,-29.477860150435163
2002-08-11,-26.680674598200728,6.558996322856782,47.02108320338245,-29.934398589682733
2002-08-12,-26.313670525911345,6.440430110404888,45.968475896372354,-30.479740363115766
2002-08-13,-28.45518567076917,7.3762931670306795,46.24708714298241,-29.218427700889507
2002-08-14,-28.785841537918408,7.840548842320518,47.52206710494887,-29.75353941516081
2002-08-15,-27.35768933696884,5.3838977998027016,48.395307195272856,-28.733162405087363
2002-08-16,-28.38102861980094,5.330393106898663,49.17139772810095,-27.672751202257047
2002-08-17,-29.61303951970578,5.512924104534328,47.3589374679375,-28.365779250133183
2002-08-18,-30.462526907998036,5.391225699306929,48.7366786522099,-27.75159575762461
2002-08-19,-30.698167482279064,3.653090955377227,49.80073780149474,-25.958585383378214
2002-08-20,-32.95859651664964,1.3111180124723605,48.57538888529967,-26.56661052032782
2002-08-21,-34.615005914937015,2.177669234911704,50.107443824810545,-26.036176675363777
2002-08-22,-35.87100125249624,1.6170859627280931,50.82412073818843,-26.783879813141507
2002-08-23,-34.78226278514345,1.6282735686938894,49.499012603785225,-26.021734215086415
2002-08-24,-32.7903316884252,2.097554243162854,47.75685690698534,-25.133371509257078
2002-08-25,-35.44041404969727,0.11388322198050549,47.349699384396345,-24.754614198219652
2002-08-26,-35.75113455348696,-0.5797562362947998,47.476576852328094,-25.22502305435779
2002-08-27,-35.24649771887577,0.48868036948011884,47.43809696927203,-21.73939079916607
2002-08-28,-36.430366341809595,0.13199809525319228,47.220427398857545,-22.22360945194565
2002-08-29,-38.17851386211625,-0.2628488256926354,46.82887630291047,-22.359601776384537
2002-08-30,-37.220113978653565,0.9931657031234311,44.91386561032828,-23.395867260510855
2002-08-31,-36.66368381617886,1.5200908427246422,43.19407034242574,-23.637205710000835
2002-09-01,-36.00840645754029,0.228039864458905,44.82600284738342,-24.280190203977288
2002-09-02,-37.34141972468298,0.7671911975442381,44.90967835931876,-23.05444065654441
2002-09-03,-38.319424307352904,-1.7067085387464047,44.017036866029024,-20.49306296826946
2002-09-04,-37.06025845499268,-3.8984944950555827,45.60460892051099,-20.246233162377987
2002-09-05,-37.91658267068357,-3.8046717804875274,46.39391889215751,-18.727047896830943
2002-09-06,-36.48673250545037,-2.9807045665311875,46.6313979988518,-17.983845556193586
2002-09-07,-36.914336212892195,-5.001723899181789,45.63153201768279,-18.45164631488509
2002-09-08,-36.62101947730678,-5.678343834112784,46.99595121136255,-15.71080681892869
2002-09-09,-38.584281422530076,-6.008468257879933,46.87146096219474,-15.070985325429792
2002-09-10,-38.25131009545352,-5.894955747568717,47.44630014341769,-14.657333762488811
2002-09-11,-38.97059032668046,-6.858481235660481,48.860987315498264,-13.05472218815221
2002-09-12,-39.75382348352158,-8.109369157426215,49.06615058213701,-13.383934137618777
2002-09-13,-39.83706584651997,-8.387876416631595,49.86402919011945,-14.16041478352747
2002-09-14,-38.25933036665406,-8.227544848763044,51.31993135149225,-14.9528800382672
2002-09-15,-38.980205261129264,-10.012426221645462,50.116558664993065,-12.731622736714895
2002-09-16,-40.13839343211204,-9.994957436762226,50.59006583607875,-14.45015245488912
2002-09-17,-42.299882344106855,-11.650091241541507,48.82089189665212,-13.239595076903365
2002-09-18,-41.66039081860399,-12.347328686842076,47.9663313409349,-12.683892231193894
2002-09-19,-41.272548376455056,-11.665704373821846,47.44071789938705,-12.56526036274021
2002-09-20,-39.887942357363094,-12.589921580281867,45.74603654369619,-12.465989320353708
2002-09-21,-41.81243061201056,-12.607495340236836,45.61553326188118,-11.022887989417852
2002-09-22,-43.583394724646126,-13.47563092572615,45.44430861623899,-10.955523446053164
2002-09-23,-44.40887327435209,-11.076124121599326,45.78546529296547,-11.385043171364385
2002-09-24,-44.554164629104676,-10.578795097170138,44.88844497803657,-11.752884375996295
2002-09-25,-45.03665452060932,-11.676769481696013,42.97120834271572,-11.768206224085752
2002-09-26,-43.76523383105258,-10.41359503886367,41.08703510765805,-10.593577014904069
